{"cameraMode":{"drawMode":0,"name":"Shaded","section":"Shading Mode"},"sceneLighting":true,"audioPlay":false,"sceneViewState":{"m_AlwaysRefresh":false,"showFog":true,"showSkybox":true,"showFlares":true,"showImageEffects":true,"showParticleSystems":true,"showVisualEffectGraphs":true,"m_FxEnabled":true},"in2DMode":false,"pivot":{"x":2.651266098022461,"y":0.1403791606426239,"z":-10.107985496520996},"rotation":{"x":-0.022805722430348398,"y":-0.012899072840809822,"z":0.0002944260777439922,"w":-0.9996574521064758},"size":12.12435531616211,"orthographic":false}